"Validation Configuration ID","Configuration ","Sample Call String"
"1","-alpha '1.1808005508512793' -ps '0.03075531729114618' -rho '0.0038704859783526002' -wp '0.016225017700471998'","ruby saps_wrapper.rb instances/test/SWlin2006.11218.cnf 0 5.0 2147483647 375162 -alpha '1.1808005508512793' -ps '0.03075531729114618' -rho '0.0038704859783526002' -wp '0.016225017700471998' "
